PRAGMA foreign_keys = ON;
.mode columns
.headers on
--Liga
INSERT INTO Liga (idLiga,regiao,nome) VALUES (1,'Europa','LEC');
INSERT INTO Liga (idLiga,regiao,nome) VALUES (2,'América do Norte','LCS');
INSERT INTO Liga (idLiga,regiao,nome) VALUES (3,'China','LPL');
INSERT INTO Liga (idLiga,regiao,nome) VALUES (4,'Korea','LCK');
--Competição
INSERT INTO Competicao(idCompeticao,tipo,idLiga) VALUES (1,'Regional',1);
INSERT INTO Competicao(idCompeticao,tipo,idLiga) VALUES (2,'Regional',2);
INSERT INTO Competicao(idCompeticao,tipo,idLiga) VALUES (3,'Regional',3);
INSERT INTO Competicao(idCompeticao,tipo,idLiga) VALUES (4,'Regional',4);
INSERT INTO Competicao(idCompeticao,tipo) VALUES (5,'Mid-Season-International');
INSERT INTO Competicao(idCompeticao,tipo) VALUES (6,'Mundial');
--Patrocínio
INSERT INTO Patrocinio(idPatrocinio,marca) VALUES (1,'RedBull');
INSERT INTO Patrocinio(idPatrocinio,marca) VALUES (2,'BMW');
INSERT INTO Patrocinio(idPatrocinio,marca) VALUES (3,'Epic games');
INSERT INTO Patrocinio(idPatrocinio,marca) VALUES (4,'Microsoft');
INSERT INTO Patrocinio(idPatrocinio,marca) VALUES (5,'palricas');
INSERT INTO Patrocinio(idPatrocinio,marca) VALUES (6,'SEAT');
INSERT INTO Patrocinio(idPatrocinio,marca) VALUES (7,'MOUNTAIN WATER');
INSERT INTO Patrocinio(idPatrocinio,marca) VALUES (8,'Monster');
--Jogo
INSERT INTO Jogo(idJogo,vencedor,perdedor,resultado) VALUES (1,'G2 Esports','Fnatic','43 vs 1');
INSERT INTO Jogo(idJogo,vencedor,perdedor,resultado) VALUES (2,'Team BDS','Astralis','19 vs 18');
INSERT INTO Jogo(idJogo,vencedor,perdedor,resultado) VALUES (3,'T1','Dawmwon KIA','5 vs 0');
INSERT INTO Jogo(idJogo,vencedor,perdedor,resultado) VALUES (4,'CLG','FlyQuest','28 vs 37');
INSERT INTO Jogo(idJogo,vencedor,perdedor,resultado) VALUES (5,'Edward Gaming','LNG','17 vs 38');
INSERT INTO Jogo(idJogo,vencedor,perdedor,resultado) VALUES (6,'FPX','RNG','15 vs 20');
--Calendário
INSERT INTO Calendario(idCalendario,data,ComentatorCast,idJogo) VALUES (1,'14/01/2022','Medic e Caedrel',1);
INSERT INTO Calendario(idCalendario,data,ComentatorCast,idJogo) VALUES (2,'14/01/2022','Medic e Caedrel',2);
INSERT INTO Calendario(idCalendario,data,ComentatorCast,idJogo) VALUES (3,'14/01/2022','LS e Sjokz',3);
INSERT INTO Calendario(idCalendario,data,ComentatorCast,idJogo) VALUES (4,'14/01/2022','CaptainFlowers e Quickshot',4);
INSERT INTO Calendario(idCalendario,data,ComentatorCast,idJogo) VALUES (5,'14/01/2022','Dagda e Lyric',5);
INSERT INTO Calendario(idCalendario,data,ComentatorCast,idJogo) VALUES (6,'14/01/2022','Dagda e Lyric',6);
--Equipa
INSERT INTO Equipa(idEquipa,nome,anoDeFundacao,localizacao) VALUES (1,'G2 Esports',2014,'Berlin');
INSERT INTO Equipa(idEquipa,nome,anoDeFundacao,localizacao) VALUES (2,'Fnatic',2011,'United Kingdom');
INSERT INTO Equipa(idEquipa,nome,anoDeFundacao,localizacao) VALUES (3,'Team BDS',2019,'Switzerland');
INSERT INTO Equipa(idEquipa,nome,anoDeFundacao,localizacao) VALUES (4,'Astralis',2016,'Denmark');
INSERT INTO Equipa(idEquipa,nome,anoDeFundacao,localizacao) VALUES (5,'T1',2002,'Seoul');
INSERT INTO Equipa(idEquipa,nome,anoDeFundacao,localizacao) VALUES (6,'Dawmwon KIA',2017,'South Korea');
INSERT INTO Equipa(idEquipa,nome,anoDeFundacao,localizacao) VALUES (7,'CLG',2010,'Los Angeles');
INSERT INTO Equipa(idEquipa,nome,anoDeFundacao,localizacao) VALUES (8,'FlyQuest',2017,'Los Angeles');
INSERT INTO Equipa(idEquipa,nome,anoDeFundacao,localizacao) VALUES (9,'Edward Gaming',2013,'Guangzhou');
INSERT INTO Equipa(idEquipa,nome,anoDeFundacao,localizacao) VALUES (10,'LNG',2019,'Suzhou');
INSERT INTO Equipa(idEquipa,nome,anoDeFundacao,localizacao) VALUES (11,'FPX',2017,'China');
INSERT INTO Equipa(idEquipa,nome,anoDeFundacao,localizacao) VALUES (12,'RNG',2015,'Beijing');
--Jogador
INSERT INTO Jogador(idJogador,nome,idade,lane,nacionalidade,idEquipa) VALUES (1,'BrokenBlade',22,'Top','Germany',1);
INSERT INTO Jogador(idJogador,nome,idade,lane,nacionalidade,idEquipa) VALUES (2,'Jankos',26,'Jungle','Poland',1);
INSERT INTO Jogador(idJogador,nome,idade,lane,nacionalidade,idEquipa) VALUES (3,'caPs',22,'Mid','Denmark',1);
INSERT INTO Jogador(idJogador,nome,idade,lane,nacionalidade,idEquipa) VALUES (4,'Flakked',20,'Adc','Spain',1);
INSERT INTO Jogador(idJogador,nome,idade,lane,nacionalidade,idEquipa) VALUES (5,'Targamas', 21,'Support','Belgium',1);
INSERT INTO Jogador(idJogador,nome,idade,lane,nacionalidade,idEquipa) VALUES (6,'Wunder',23,'Top','Denmark',2);
INSERT INTO Jogador(idJogador,nome,idade,lane,nacionalidade,idEquipa) VALUES (7,'Razork',21,'Jungle','Spain',2);
INSERT INTO Jogador(idJogador,nome,idade,lane,nacionalidade,idEquipa) VALUES (8,'Humanoid',21,'Mid','Czech Republic',2);
INSERT INTO Jogador(idJogador,nome,idade,lane,nacionalidade,idEquipa) VALUES (9,'Upset',22,'Adc','Germany',2);
INSERT INTO Jogador(idJogador,nome,idade,lane,nacionalidade,idEquipa) VALUES (10,'Hylissang',26,'Support','Bulgaria',2);
INSERT INTO Jogador(idJogador,nome,idade,lane,nacionalidade,idEquipa) VALUES (11,'Adam',20,'Top','France',3);
INSERT INTO Jogador(idJogador,nome,idade,lane,nacionalidade,idEquipa) VALUES (12,'Cinkrof',24,'Jungle','Poland',3);
INSERT INTO Jogador(idJogador,nome,idade,lane,nacionalidade,idEquipa) VALUES (13,'NUCLEARINT',19,'Mid','France',3);
INSERT INTO Jogador(idJogador,nome,idade,lane,nacionalidade,idEquipa) VALUES (14,'xMatty',22,'Adc','United Kingdom',3);
INSERT INTO Jogador(idJogador,nome,idade,lane,nacionalidade,idEquipa) VALUES (15,'LIMIT',24,'Support','Croatia',3);
INSERT INTO Jogador(idJogador,nome,idade,lane,nacionalidade,idEquipa) VALUES (16,'WhiteKnight',25,'Top','Finland',4);
INSERT INTO Jogador(idJogador,nome,idade,lane,nacionalidade,idEquipa) VALUES (17,'Zanzarah',25,'Jungle','Russia',4);
INSERT INTO Jogador(idJogador,nome,idade,lane,nacionalidade,idEquipa) VALUES (18,'Dajor',24,'Mid','Germany',4);
INSERT INTO Jogador(idJogador,nome,idade,lane,nacionalidade,idEquipa) VALUES (19,'Kobbe',25,'Adc','Denmark',4);
INSERT INTO Jogador(idJogador,nome,idade,lane,nacionalidade,idEquipa) VALUES (20,'promisq',27,'Support','Sweden',4);
INSERT INTO Jogador(idJogador,nome,idade,lane,nacionalidade,idEquipa) VALUES (21,'Zeus',17,'Top','South Korea',5);
INSERT INTO Jogador(idJogador,nome,idade,lane,nacionalidade,idEquipa) VALUES (22,'Oner',19,'Jungle','South Korea',5);
INSERT INTO Jogador(idJogador,nome,idade,lane,nacionalidade,idEquipa) VALUES (23,'Faker',25,'Mid','South Korea',5);
INSERT INTO Jogador(idJogador,nome,idade,lane,nacionalidade,idEquipa) VALUES (24,'Gumayusi',19,'Adc','South Korea',5);
INSERT INTO Jogador(idJogador,nome,idade,lane,nacionalidade,idEquipa) VALUES (25,'Keria',19,'Support','South Korea',5);
INSERT INTO Jogador(idJogador,nome,idade,lane,nacionalidade,idEquipa) VALUES (26,'Hoya',21,'Top','South Korea',6);
INSERT INTO Jogador(idJogador,nome,idade,lane,nacionalidade,idEquipa) VALUES (27,'Canyon',20,'Jungle','South Korea',6);
INSERT INTO Jogador(idJogador,nome,idade,lane,nacionalidade,idEquipa) VALUES (28,'ShowMaker',21,'Mid','South Korea',6);
INSERT INTO Jogador(idJogador,nome,idade,lane,nacionalidade,idEquipa) VALUES (29,'deokdam',21,'Adc','South Korea',6);
INSERT INTO Jogador(idJogador,nome,idade,lane,nacionalidade,idEquipa) VALUES (30,'Kellin',20,'Support','South Korea',6);
INSERT INTO Jogador(idJogador,nome,idade,lane,nacionalidade,idEquipa) VALUES (31,'Jenkins',22,'Top','United States',7);
INSERT INTO Jogador(idJogador,nome,idade,lane,nacionalidade,idEquipa) VALUES (32,'Contractz',22,'Jungle','United States',7);
INSERT INTO Jogador(idJogador,nome,idade,lane,nacionalidade,idEquipa) VALUES (33,'Palafox',22,'Mid','United States',7);
INSERT INTO Jogador(idJogador,nome,idade,lane,nacionalidade,idEquipa) VALUES (34,'Luger',20,'Adc','Turkey',7);
INSERT INTO Jogador(idJogador,nome,idade,lane,nacionalidade,idEquipa) VALUES (35,'Poome',22,'Support','Canada',7);
INSERT INTO Jogador(idJogador,nome,idade,lane,nacionalidade,idEquipa) VALUES (36,'Kumo',21,'Top','United States',8);
INSERT INTO Jogador(idJogador,nome,idade,lane,nacionalidade,idEquipa) VALUES (37,'Josedeodo',21,'Jungle','Argentina',8);
INSERT INTO Jogador(idJogador,nome,idade,lane,nacionalidade,idEquipa) VALUES (38,'toucouille',20,'Mid','France',8);
INSERT INTO Jogador(idJogador,nome,idade,lane,nacionalidade,idEquipa) VALUES (39,'Johnsun',23,'Adc','Canada',8);
INSERT INTO Jogador(idJogador,nome,idade,lane,nacionalidade,idEquipa) VALUES (40,'aphromoo',29,'Support','United States',8);
INSERT INTO Jogador(idJogador,nome,idade,lane,nacionalidade,idEquipa) VALUES (41,'Flandre',23,'Top','China',9);
INSERT INTO Jogador(idJogador,nome,idade,lane,nacionalidade,idEquipa) VALUES (42,'Jiejie',20,'Jungle','China',9);
INSERT INTO Jogador(idJogador,nome,idade,lane,nacionalidade,idEquipa) VALUES (43,'Scout',23,'Mid','South Korea',9);
INSERT INTO Jogador(idJogador,nome,idade,lane,nacionalidade,idEquipa) VALUES (44,'Viper',21,'Adc','South Korea',9);
INSERT INTO Jogador(idJogador,nome,idade,lane,nacionalidade,idEquipa) VALUES (45,'Meiko',23,'Support','China',9);
INSERT INTO Jogador(idJogador,nome,idade,lane,nacionalidade,idEquipa) VALUES (46,'Ale',20,'Top','China',10);
INSERT INTO Jogador(idJogador,nome,idade,lane,nacionalidade,idEquipa) VALUES (47,'Tarzan',22,'Jungle','South Korea',10);
INSERT INTO Jogador(idJogador,nome,idade,lane,nacionalidade,idEquipa) VALUES (48,'Doinb',25,'Mid','South Korea',10);
INSERT INTO Jogador(idJogador,nome,idade,lane,nacionalidade,idEquipa) VALUES (49,'Light',20,'Adc','China',10);
INSERT INTO Jogador(idJogador,nome,idade,lane,nacionalidade,idEquipa) VALUES (50,'Iwandy',21,'Support','China',10);
INSERT INTO Jogador(idJogador,nome,idade,lane,nacionalidade,idEquipa) VALUES (51,'xiaolaohu',19,'Top','China',11);
INSERT INTO Jogador(idJogador,nome,idade,lane,nacionalidade,idEquipa) VALUES (52,'Beichuan',20,'Jungle','China',11);
INSERT INTO Jogador(idJogador,nome,idade,lane,nacionalidade,idEquipa) VALUES (53,'gori',21,'Mid','South Korea',11);
INSERT INTO Jogador(idJogador,nome,idade,lane,nacionalidade,idEquipa) VALUES (54,'jiang',21,'Adc','China',11);
INSERT INTO Jogador(idJogador,nome,idade,lane,nacionalidade,idEquipa) VALUES (55,'Hang',18,'Support','China',11);
INSERT INTO Jogador(idJogador,nome,idade,lane,nacionalidade,idEquipa) VALUES (56,'Bin',19,'Top','China',12);
INSERT INTO Jogador(idJogador,nome,idade,lane,nacionalidade,idEquipa) VALUES (57,'Wei',19,'Jungle','China',12);
INSERT INTO Jogador(idJogador,nome,idade,lane,nacionalidade,idEquipa) VALUES (58,'Xiaohu',23,'Mid','China',12);
INSERT INTO Jogador(idJogador,nome,idade,lane,nacionalidade,idEquipa) VALUES (59,'GALA',20,'Adc','China',12);
INSERT INTO Jogador(idJogador,nome,idade,lane,nacionalidade,idEquipa) VALUES (60,'Ming',23,'Support','China',12);
--Coaching Staff
INSERT INTO CoachingStaff(idCoachingStaff,idade,nome,nacionalidade,especializacao,idEquipa) VALUES(1,32,'Dylan Falco','Canada','Coach',1);
INSERT INTO CoachingStaff(idCoachingStaff,idade,nome,nacionalidade,especializacao,idEquipa) VALUES(2,26,'YAMATOCANNON','Sweden','Coach',2);
INSERT INTO CoachingStaff(idCoachingStaff,idade,nome,nacionalidade,especializacao,idEquipa) VALUES(3,27,'GrabbZ','Germany','Coach',3);
INSERT INTO CoachingStaff(idCoachingStaff,idade,nome,nacionalidade,especializacao,idEquipa) VALUES(4,35,'zonic','Denmark','Coach',4);
INSERT INTO CoachingStaff(idCoachingStaff,idade,nome,nacionalidade,especializacao,idEquipa) VALUES(5,28,'Bengi','South Korea','Coach',5);
INSERT INTO CoachingStaff(idCoachingStaff,idade,nome,nacionalidade,especializacao,idEquipa) VALUES(6,28,'Daeny','South Korea','Coach',6);
INSERT INTO CoachingStaff(idCoachingStaff,idade,nome,nacionalidade,especializacao,idEquipa) VALUES(7,27,'Juves','Australia','Coach',7);
INSERT INTO CoachingStaff(idCoachingStaff,idade,nome,nacionalidade,especializacao,idEquipa) VALUES(8,28,'Sharkz','Belarus','Coach',8);
INSERT INTO CoachingStaff(idCoachingStaff,idade,nome,nacionalidade,especializacao,idEquipa) VALUES(9,29,'Maokai','China','Coach',9);
INSERT INTO CoachingStaff(idCoachingStaff,idade,nome,nacionalidade,especializacao,idEquipa) VALUES(10,31,'YiL','China','Coach',10);
INSERT INTO CoachingStaff(idCoachingStaff,idade,nome,nacionalidade,especializacao,idEquipa) VALUES(11,29,'Steak','Taiwan','Coach',11);
INSERT INTO CoachingStaff(idCoachingStaff,idade,nome,nacionalidade,especializacao,idEquipa) VALUES(12,31,'Tabe','China','Coach',12);
--Época De Transferência
INSERT INTO EpocaDeTransferencia(idEpocaDeTransferencia,data) VALUES (1,11/2021);
--Contrato
INSERT INTO Contrato (idContrato,valorDeBuyout,dataDeExpiracao,idJogador,idEpocaDeTransferencia) VALUES(1,3000000,'11/2025',1,1);
INSERT INTO Contrato (idContrato,valorDeBuyout,dataDeExpiracao,idJogador,idEpocaDeTransferencia) VALUES(2,4500000,'11/2027',2,1);
INSERT INTO Contrato (idContrato,valorDeBuyout,dataDeExpiracao,idJogador,idEpocaDeTransferencia) VALUES(3,2800000,'11/2026',3,1);
INSERT INTO Contrato (idContrato,valorDeBuyout,dataDeExpiracao,idJogador,idEpocaDeTransferencia) VALUES(4,3150000,'11/2023',4,1);
INSERT INTO Contrato (idContrato,valorDeBuyout,dataDeExpiracao,idJogador,idEpocaDeTransferencia) VALUES(5,5601000,'11/2025',5,1);
INSERT INTO Contrato (idContrato,valorDeBuyout,dataDeExpiracao,idJogador,idEpocaDeTransferencia) VALUES(6,3006000,'11/2028',6,1);
INSERT INTO Contrato (idContrato,valorDeBuyout,dataDeExpiracao,idJogador,idEpocaDeTransferencia) VALUES(7,2560000,'11/2029',7,1);
INSERT INTO Contrato (idContrato,valorDeBuyout,dataDeExpiracao,idJogador,idEpocaDeTransferencia) VALUES(8,5820000,'11/2026',8,1);
INSERT INTO Contrato (idContrato,valorDeBuyout,dataDeExpiracao,idJogador,idEpocaDeTransferencia) VALUES(9,1959388,'11/2025',9,1);
INSERT INTO Contrato (idContrato,valorDeBuyout,dataDeExpiracao,idJogador,idEpocaDeTransferencia) VALUES(10,3259700,'11/2025',10,1);
INSERT INTO Contrato (idContrato,valorDeBuyout,dataDeExpiracao,idJogador,idEpocaDeTransferencia) VALUES(11,2450890,'11/2024',11,1);
INSERT INTO Contrato (idContrato,valorDeBuyout,dataDeExpiracao,idJogador,idEpocaDeTransferencia) VALUES(12,3409580,'11/2022',12,1);
INSERT INTO Contrato (idContrato,valorDeBuyout,dataDeExpiracao,idJogador,idEpocaDeTransferencia) VALUES(13,4500200,'11/2028',13,1);
INSERT INTO Contrato (idContrato,valorDeBuyout,dataDeExpiracao,idJogador,idEpocaDeTransferencia) VALUES(14,1235560,'11/2025',14,1);
INSERT INTO Contrato (idContrato,valorDeBuyout,dataDeExpiracao,idJogador,idEpocaDeTransferencia) VALUES(15,5350000,'11/2026',15,1);
INSERT INTO Contrato (idContrato,valorDeBuyout,dataDeExpiracao,idJogador,idEpocaDeTransferencia) VALUES(16,3450000,'11/2025',16,1);
INSERT INTO Contrato (idContrato,valorDeBuyout,dataDeExpiracao,idJogador,idEpocaDeTransferencia) VALUES(17,4124000,'11/2029',17,1);
INSERT INTO Contrato (idContrato,valorDeBuyout,dataDeExpiracao,idJogador,idEpocaDeTransferencia) VALUES(18,2300000,'11/2028',18,1);
INSERT INTO Contrato (idContrato,valorDeBuyout,dataDeExpiracao,idJogador,idEpocaDeTransferencia) VALUES(19,2428880,'11/2024',19,1);
INSERT INTO Contrato (idContrato,valorDeBuyout,dataDeExpiracao,idJogador,idEpocaDeTransferencia) VALUES(20,4568000,'11/2024',20,1);
INSERT INTO Contrato (idContrato,valorDeBuyout,dataDeExpiracao,idJogador,idEpocaDeTransferencia) VALUES(21,2564770,'11/2024',21,1);
INSERT INTO Contrato (idContrato,valorDeBuyout,dataDeExpiracao,idJogador,idEpocaDeTransferencia) VALUES(22,4566570,'11/2026',22,1);
INSERT INTO Contrato (idContrato,valorDeBuyout,dataDeExpiracao,idJogador,idEpocaDeTransferencia) VALUES(23,2753000,'11/2025',23,1);
INSERT INTO Contrato (idContrato,valorDeBuyout,dataDeExpiracao,idJogador,idEpocaDeTransferencia) VALUES(24,3059530,'11/2025',24,1);
INSERT INTO Contrato (idContrato,valorDeBuyout,dataDeExpiracao,idJogador,idEpocaDeTransferencia) VALUES(25,2093400,'11/2029',25,1);
INSERT INTO Contrato (idContrato,valorDeBuyout,dataDeExpiracao,idJogador,idEpocaDeTransferencia) VALUES(26,4214100,'11/2028',26,1);
INSERT INTO Contrato (idContrato,valorDeBuyout,dataDeExpiracao,idJogador,idEpocaDeTransferencia) VALUES(27,6320000,'11/2028',27,1);
INSERT INTO Contrato (idContrato,valorDeBuyout,dataDeExpiracao,idJogador,idEpocaDeTransferencia) VALUES(28,1623100,'11/2025',28,1);
INSERT INTO Contrato (idContrato,valorDeBuyout,dataDeExpiracao,idJogador,idEpocaDeTransferencia) VALUES(29,5027000,'11/2023',29,1);
INSERT INTO Contrato (idContrato,valorDeBuyout,dataDeExpiracao,idJogador,idEpocaDeTransferencia) VALUES(30,5125060,'11/2025',30,1);
INSERT INTO Contrato (idContrato,valorDeBuyout,dataDeExpiracao,idJogador,idEpocaDeTransferencia) VALUES(31,6700000,'11/2026',31,1);
INSERT INTO Contrato (idContrato,valorDeBuyout,dataDeExpiracao,idJogador,idEpocaDeTransferencia) VALUES(32,4560000,'11/2023',32,1);
INSERT INTO Contrato (idContrato,valorDeBuyout,dataDeExpiracao,idJogador,idEpocaDeTransferencia) VALUES(33,5680000,'11/2023',33,1);
INSERT INTO Contrato (idContrato,valorDeBuyout,dataDeExpiracao,idJogador,idEpocaDeTransferencia) VALUES(34,3633000,'11/2026',34,1);
INSERT INTO Contrato (idContrato,valorDeBuyout,dataDeExpiracao,idJogador,idEpocaDeTransferencia) VALUES(35,1480000,'11/2028',35,1);
INSERT INTO Contrato (idContrato,valorDeBuyout,dataDeExpiracao,idJogador,idEpocaDeTransferencia) VALUES(36,1247900,'11/2029',36,1);
INSERT INTO Contrato (idContrato,valorDeBuyout,dataDeExpiracao,idJogador,idEpocaDeTransferencia) VALUES(37,4256700,'11/2029',37,1);
INSERT INTO Contrato (idContrato,valorDeBuyout,dataDeExpiracao,idJogador,idEpocaDeTransferencia) VALUES(38,1100000,'11/2029',38,1);
INSERT INTO Contrato (idContrato,valorDeBuyout,dataDeExpiracao,idJogador,idEpocaDeTransferencia) VALUES(39,1516700,'11/2024',39,1);
INSERT INTO Contrato (idContrato,valorDeBuyout,dataDeExpiracao,idJogador,idEpocaDeTransferencia) VALUES(40,5270000,'11/2023',40,1);
INSERT INTO Contrato (idContrato,valorDeBuyout,dataDeExpiracao,idJogador,idEpocaDeTransferencia) VALUES(41,4212000,'11/2023',41,1);
INSERT INTO Contrato (idContrato,valorDeBuyout,dataDeExpiracao,idJogador,idEpocaDeTransferencia) VALUES(42,4190000,'11/2022',42,1);
INSERT INTO Contrato (idContrato,valorDeBuyout,dataDeExpiracao,idJogador,idEpocaDeTransferencia) VALUES(43,3906000,'11/2026',43,1);
INSERT INTO Contrato (idContrato,valorDeBuyout,dataDeExpiracao,idJogador,idEpocaDeTransferencia) VALUES(44,3000000,'11/2022',44,1);
INSERT INTO Contrato (idContrato,valorDeBuyout,dataDeExpiracao,idJogador,idEpocaDeTransferencia) VALUES(45,2304500,'11/2022',45,1);
INSERT INTO Contrato (idContrato,valorDeBuyout,dataDeExpiracao,idJogador,idEpocaDeTransferencia) VALUES(46,5029000,'11/2026',46,1);
INSERT INTO Contrato (idContrato,valorDeBuyout,dataDeExpiracao,idJogador,idEpocaDeTransferencia) VALUES(47,2300000,'11/2027',47,1);
INSERT INTO Contrato (idContrato,valorDeBuyout,dataDeExpiracao,idJogador,idEpocaDeTransferencia) VALUES(48,3021000,'11/2027',48,1);
INSERT INTO Contrato (idContrato,valorDeBuyout,dataDeExpiracao,idJogador,idEpocaDeTransferencia) VALUES(49,2429000,'11/2029',49,1);
INSERT INTO Contrato (idContrato,valorDeBuyout,dataDeExpiracao,idJogador,idEpocaDeTransferencia) VALUES(50,2520000,'11/2030',50,1);
INSERT INTO Contrato (idContrato,valorDeBuyout,dataDeExpiracao,idJogador,idEpocaDeTransferencia) VALUES(51,1249900,'11/2027',51,1);
INSERT INTO Contrato (idContrato,valorDeBuyout,dataDeExpiracao,idJogador,idEpocaDeTransferencia) VALUES(52,5294800,'11/2025',52,1);
INSERT INTO Contrato (idContrato,valorDeBuyout,dataDeExpiracao,idJogador,idEpocaDeTransferencia) VALUES(53,4190000,'11/2024',53,1);
INSERT INTO Contrato (idContrato,valorDeBuyout,dataDeExpiracao,idJogador,idEpocaDeTransferencia) VALUES(54,7000000,'11/2023',54,1);
INSERT INTO Contrato (idContrato,valorDeBuyout,dataDeExpiracao,idJogador,idEpocaDeTransferencia) VALUES(55,4257000,'11/2023',55,1);
INSERT INTO Contrato (idContrato,valorDeBuyout,dataDeExpiracao,idJogador,idEpocaDeTransferencia) VALUES(56,1290000,'11/2025',56,1);
INSERT INTO Contrato (idContrato,valorDeBuyout,dataDeExpiracao,idJogador,idEpocaDeTransferencia) VALUES(57,4999000,'11/2027',57,1);
INSERT INTO Contrato (idContrato,valorDeBuyout,dataDeExpiracao,idJogador,idEpocaDeTransferencia) VALUES(58,1421000,'11/2028',58,1);
INSERT INTO Contrato (idContrato,valorDeBuyout,dataDeExpiracao,idJogador,idEpocaDeTransferencia) VALUES(59,3678900,'11/2023',59,1);
INSERT INTO Contrato (idContrato,valorDeBuyout,dataDeExpiracao,idJogador,idEpocaDeTransferencia) VALUES(60,6780000,'11/2022',60,1);
INSERT INTO Contrato (idContrato,valorDeBuyout,dataDeExpiracao,idCoachingStaff,idEpocaDeTransferencia) VALUES(61,835000,'11/2024',1,1);
INSERT INTO Contrato (idContrato,valorDeBuyout,dataDeExpiracao,idCoachingStaff,idEpocaDeTransferencia) VALUES(62,480000,'11/2027',2,1);
INSERT INTO Contrato (idContrato,valorDeBuyout,dataDeExpiracao,idCoachingStaff,idEpocaDeTransferencia) VALUES(63,700000,'11/2028',3,1);
INSERT INTO Contrato (idContrato,valorDeBuyout,dataDeExpiracao,idCoachingStaff,idEpocaDeTransferencia) VALUES(64,860000,'11/2025',4,1);
INSERT INTO Contrato (idContrato,valorDeBuyout,dataDeExpiracao,idCoachingStaff,idEpocaDeTransferencia) VALUES(65,700500,'11/2029',5,1);
INSERT INTO Contrato (idContrato,valorDeBuyout,dataDeExpiracao,idCoachingStaff,idEpocaDeTransferencia) VALUES(66,997500,'11/2022',6,1);
INSERT INTO Contrato (idContrato,valorDeBuyout,dataDeExpiracao,idCoachingStaff,idEpocaDeTransferencia) VALUES(67,430000,'11/2023',7,1);
INSERT INTO Contrato (idContrato,valorDeBuyout,dataDeExpiracao,idCoachingStaff,idEpocaDeTransferencia) VALUES(68,499000,'11/2024',8,1);
INSERT INTO Contrato (idContrato,valorDeBuyout,dataDeExpiracao,idCoachingStaff,idEpocaDeTransferencia) VALUES(69,769000,'11/2025',9,1);
INSERT INTO Contrato (idContrato,valorDeBuyout,dataDeExpiracao,idCoachingStaff,idEpocaDeTransferencia) VALUES(70,605000,'11/2025',10,1);
INSERT INTO Contrato (idContrato,valorDeBuyout,dataDeExpiracao,idCoachingStaff,idEpocaDeTransferencia) VALUES(71,970000,'11/2027',11,1);
INSERT INTO Contrato (idContrato,valorDeBuyout,dataDeExpiracao,idCoachingStaff,idEpocaDeTransferencia) VALUES(72,790000,'11/2029',12,1);
--Evento
INSERT INTO Evento (idEvento,idJogo,tempo) VALUES (1,1,15);
INSERT INTO Evento (idEvento,idJogo,tempo) VALUES (2,1,21);
INSERT INTO Evento (idEvento,idJogo,tempo) VALUES (3,1,24);
INSERT INTO Evento (idEvento,idJogo,tempo) VALUES (4,1,54);
INSERT INTO Evento (idEvento,idJogo,tempo) VALUES (5,1,35);
INSERT INTO Evento (idEvento,idJogo,tempo) VALUES (6,1,62);
INSERT INTO Evento (idEvento,idJogo,tempo) VALUES (7,2,33);
INSERT INTO Evento (idEvento,idJogo,tempo) VALUES (8,2,23);
INSERT INTO Evento (idEvento,idJogo,tempo) VALUES (9,2,23);
INSERT INTO Evento (idEvento,idJogo,tempo) VALUES (10,2,42);
INSERT INTO Evento (idEvento,idJogo,tempo) VALUES (11,2,31);
INSERT INTO Evento (idEvento,idJogo,tempo) VALUES (12,2,12);
INSERT INTO Evento (idEvento,idJogo,tempo) VALUES (13,3,23);
INSERT INTO Evento (idEvento,idJogo,tempo) VALUES (14,3,13);
INSERT INTO Evento (idEvento,idJogo,tempo) VALUES (15,3,5);
INSERT INTO Evento (idEvento,idJogo,tempo) VALUES (16,3,21);
INSERT INTO Evento (idEvento,idJogo,tempo) VALUES (17,3,42);
INSERT INTO Evento (idEvento,idJogo,tempo) VALUES (18,3,12);
INSERT INTO Evento (idEvento,idJogo,tempo) VALUES (19,4,13);
INSERT INTO Evento (idEvento,idJogo,tempo) VALUES (20,4,12);
INSERT INTO Evento (idEvento,idJogo,tempo) VALUES (21,4,24);
INSERT INTO Evento (idEvento,idJogo,tempo) VALUES (22,4,32);
INSERT INTO Evento (idEvento,idJogo,tempo) VALUES (23,4,41);
INSERT INTO Evento (idEvento,idJogo,tempo) VALUES (24,4,32);
INSERT INTO Evento (idEvento,idJogo,tempo) VALUES (25,5,14);
INSERT INTO Evento (idEvento,idJogo,tempo) VALUES (26,5,16);
INSERT INTO Evento (idEvento,idJogo,tempo) VALUES (27,5,28);
INSERT INTO Evento (idEvento,idJogo,tempo) VALUES (28,5,27);
INSERT INTO Evento (idEvento,idJogo,tempo) VALUES (29,5,17);
INSERT INTO Evento (idEvento,idJogo,tempo) VALUES (30,5,20);
INSERT INTO Evento (idEvento,idJogo,tempo) VALUES (31,6,17);
INSERT INTO Evento (idEvento,idJogo,tempo) VALUES (32,6,37);
INSERT INTO Evento (idEvento,idJogo,tempo) VALUES (33,6,39);
INSERT INTO Evento (idEvento,idJogo,tempo) VALUES (34,6,37);
INSERT INTO Evento (idEvento,idJogo,tempo) VALUES (35,6,29);
INSERT INTO Evento (idEvento,idJogo,tempo) VALUES (36,6,30);
--Objetivo
INSERT INTO Objetivo(idEvento,idEquipa,nome) VALUES (1,1,'Nexus');
INSERT INTO Objetivo(idEvento,idEquipa,nome) VALUES (2,1,'Tower');
INSERT INTO Objetivo(idEvento,idEquipa,nome) VALUES (7,2,'Nexus');
INSERT INTO Objetivo(idEvento,idEquipa,nome) VALUES (8,2,'Drake');
INSERT INTO Objetivo(idEvento,idEquipa,nome) VALUES (13,3,'Nexus');
INSERT INTO Objetivo(idEvento,idEquipa,nome) VALUES (14,3,'Nashor');
INSERT INTO Objetivo(idEvento,idEquipa,nome) VALUES (19,4,'Nexus');
INSERT INTO Objetivo(idEvento,idEquipa,nome) VALUES (20,4,'Inhibitor');
INSERT INTO Objetivo(idEvento,idEquipa,nome) VALUES (25,5,'Nexus');
INSERT INTO Objetivo(idEvento,idEquipa,nome) VALUES (26,5,'Tower');
INSERT INTO Objetivo(idEvento,idEquipa,nome) VALUES (31,6,'Nexus');
INSERT INTO Objetivo(idEvento,idEquipa,nome) VALUES (32,6,'Drake');
--Pvp
INSERT INTO Pvp(idEvento,killer,killed) VALUES(3,'Jankos','Humanoid');
INSERT INTO Pvp(idEvento,killer,killed) VALUES(4,'Flakked','Wunder');
INSERT INTO Pvp(idEvento,killer,killed) VALUES(15,'Zeus','Canyon');
INSERT INTO Pvp(idEvento,killer,killed) VALUES(10,'xMatty','Kobbe');
INSERT INTO Pvp(idEvento,killer,killed) VALUES(9,'WhiteKnight','Cinkrof');
INSERT INTO Pvp(idEvento,killer,killed) VALUES(16,'Oner','ShowMaker');
INSERT INTO Pvp(idEvento,killer,killed) VALUES(21,'Contractz','Johnsun');
INSERT INTO Pvp(idEvento,killer,killed) VALUES(22,'Contractz','Kumo');
INSERT INTO Pvp(idEvento,killer,killed) VALUES(27,'Viper','Tarzan');
INSERT INTO Pvp(idEvento,killer,killed) VALUES(28,'Scout','Doinb');
INSERT INTO Pvp(idEvento,killer,killed) VALUES(33,'jiang','Bin');
INSERT INTO Pvp(idEvento,killer,killed) VALUES(34,'Xiaohu','gori');

--Pausa
INSERT INTO Pausa(idEvento,razao,duracao,idEquipa) VALUES(5,'Ajuda, eles são muito melhores que nós',1,1);
INSERT INTO Pausa(idEvento,razao,duracao,idEquipa) VALUES(6,'dificuldades tecnicas',4,2);
INSERT INTO Pausa(idEvento,razao,duracao,idEquipa) VALUES(11,'dificuldades tecnicas',7,3);
INSERT INTO Pausa(idEvento,razao,duracao,idEquipa) VALUES(12,'Ajuda, eles são muito melhores que nós',1,4);
INSERT INTO Pausa(idEvento,razao,duracao,idEquipa) VALUES(17,'dificuldades tecnicas',2,5);
INSERT INTO Pausa(idEvento,razao,duracao,idEquipa) VALUES(18,'dificuldades tecnicas',5,6);
INSERT INTO Pausa(idEvento,razao,duracao,idEquipa) VALUES(23,'dificuldades tecnicas',5,7);
INSERT INTO Pausa(idEvento,razao,duracao,idEquipa) VALUES(24,'dificuldades tecnicas',6,8);
INSERT INTO Pausa(idEvento,razao,duracao,idEquipa) VALUES(29,'dificuldades tecnicas',7,9);
INSERT INTO Pausa(idEvento,razao,duracao,idEquipa) VALUES(30,'problemas num jogador',2,10);
INSERT INTO Pausa(idEvento,razao,duracao,idEquipa) VALUES(35,'dificuldades tecnicas',6,11);
INSERT INTO Pausa(idEvento,razao,duracao,idEquipa) VALUES(36,'dificuldades tecnicas',7,12);
--Pve
INSERT INTO Pve(idPve,minionScore,idJogador) VALUES (1,230,1);
INSERT INTO Pve(idPve,minionScore,idJogador) VALUES (2,237,2);
INSERT INTO Pve(idPve,minionScore,idJogador) VALUES (3,245,3);
INSERT INTO Pve(idPve,minionScore,idJogador) VALUES (4,123,4);
INSERT INTO Pve(idPve,minionScore,idJogador) VALUES (5,421,5);
INSERT INTO Pve(idPve,minionScore,idJogador) VALUES (6,241,6);
INSERT INTO Pve(idPve,minionScore,idJogador) VALUES (7,231,7);
INSERT INTO Pve(idPve,minionScore,idJogador) VALUES (8,234,8);
INSERT INTO Pve(idPve,minionScore,idJogador) VALUES (9,312,9);
INSERT INTO Pve(idPve,minionScore,idJogador) VALUES (10,132,10);
INSERT INTO Pve(idPve,minionScore,idJogador) VALUES (11,192,11);
INSERT INTO Pve(idPve,minionScore,idJogador) VALUES (12,172,12);
INSERT INTO Pve(idPve,minionScore,idJogador) VALUES (13,240,13);
INSERT INTO Pve(idPve,minionScore,idJogador) VALUES (14,253,14);
INSERT INTO Pve(idPve,minionScore,idJogador) VALUES (15,256,15);
INSERT INTO Pve(idPve,minionScore,idJogador) VALUES (16,278,16);
INSERT INTO Pve(idPve,minionScore,idJogador) VALUES (17,297,17);
INSERT INTO Pve(idPve,minionScore,idJogador) VALUES (18,268,18);
INSERT INTO Pve(idPve,minionScore,idJogador) VALUES (19,214,19);
INSERT INTO Pve(idPve,minionScore,idJogador) VALUES (20,124,20);
INSERT INTO Pve(idPve,minionScore,idJogador) VALUES (21,287,21);
INSERT INTO Pve(idPve,minionScore,idJogador) VALUES (22,12,22);
INSERT INTO Pve(idPve,minionScore,idJogador) VALUES (23,52,23);
INSERT INTO Pve(idPve,minionScore,idJogador) VALUES (24,212,24);
INSERT INTO Pve(idPve,minionScore,idJogador) VALUES (25,412,25);
INSERT INTO Pve(idPve,minionScore,idJogador) VALUES (26,512,26);
INSERT INTO Pve(idPve,minionScore,idJogador) VALUES (27,412,27);
INSERT INTO Pve(idPve,minionScore,idJogador) VALUES (28,123,28);
INSERT INTO Pve(idPve,minionScore,idJogador) VALUES (29,123,29);
INSERT INTO Pve(idPve,minionScore,idJogador) VALUES (30,412,30);
INSERT INTO Pve(idPve,minionScore,idJogador) VALUES (31,412,31);
INSERT INTO Pve(idPve,minionScore,idJogador) VALUES (32,256,32);
INSERT INTO Pve(idPve,minionScore,idJogador) VALUES (33,212,33);
INSERT INTO Pve(idPve,minionScore,idJogador) VALUES (34,265,34);
INSERT INTO Pve(idPve,minionScore,idJogador) VALUES (35,289,35);
INSERT INTO Pve(idPve,minionScore,idJogador) VALUES (36,242,36);
INSERT INTO Pve(idPve,minionScore,idJogador) VALUES (37,192,37);
INSERT INTO Pve(idPve,minionScore,idJogador) VALUES (38,256,38);
INSERT INTO Pve(idPve,minionScore,idJogador) VALUES (39,401,39);
INSERT INTO Pve(idPve,minionScore,idJogador) VALUES (40,66,40);
INSERT INTO Pve(idPve,minionScore,idJogador) VALUES (41,252,41);
INSERT INTO Pve(idPve,minionScore,idJogador) VALUES (42,412,42);
INSERT INTO Pve(idPve,minionScore,idJogador) VALUES (43,212,43);
INSERT INTO Pve(idPve,minionScore,idJogador) VALUES (44,231,44);
INSERT INTO Pve(idPve,minionScore,idJogador) VALUES (45,236,45);
INSERT INTO Pve(idPve,minionScore,idJogador) VALUES (46,267,46);
INSERT INTO Pve(idPve,minionScore,idJogador) VALUES (47,254,47);
INSERT INTO Pve(idPve,minionScore,idJogador) VALUES (48,212,48);
INSERT INTO Pve(idPve,minionScore,idJogador) VALUES (49,500,49);
INSERT INTO Pve(idPve,minionScore,idJogador) VALUES (50,412,50);
INSERT INTO Pve(idPve,minionScore,idJogador) VALUES (51,55,51);
INSERT INTO Pve(idPve,minionScore,idJogador) VALUES (52,75,52);
INSERT INTO Pve(idPve,minionScore,idJogador) VALUES (53,274,53);
INSERT INTO Pve(idPve,minionScore,idJogador) VALUES (54,212,54);
INSERT INTO Pve(idPve,minionScore,idJogador) VALUES (55,278,55);
INSERT INTO Pve(idPve,minionScore,idJogador) VALUES (56,25,56);
INSERT INTO Pve(idPve,minionScore,idJogador) VALUES (57,212,57);
INSERT INTO Pve(idPve,minionScore,idJogador) VALUES (58,64,58);
INSERT INTO Pve(idPve,minionScore,idJogador) VALUES (59,238,59);
INSERT INTO Pve(idPve,minionScore,idJogador) VALUES (60,365,60);

